"LOCATION","INDICATOR","SUBJECT","MEASURE","FREQUENCY","TIME","Value","Flag Codes"
"AUS","AVWAGE","TOT","USD","A","1990",40605.3501938332,
"AUS","AVWAGE","TOT","USD","A","1991",40414.7966049509,
"AUS","AVWAGE","TOT","USD","A","1992",41223.3776649611,
"AUS","AVWAGE","TOT","USD","A","1993",41601.9293337657,
"AUS","AVWAGE","TOT","USD","A","1994",41878.738299965,
"AUS","AVWAGE","TOT","USD","A","1995",41717.9915387741,
"AUS","AVWAGE","TOT","USD","A","1996",42913.0505822351,
"AUS","AVWAGE","TOT","USD","A","1997",44224.2785764442,
"AUS","AVWAGE","TOT","USD","A","1998",44822.3499237506,
"AUS","AVWAGE","TOT","USD","A","1999",45829.1524616831,
"AUS","AVWAGE","TOT","USD","A","2000",45961.8712525458,
"AUS","AVWAGE","TOT","USD","A","2001",46424.2741557066,
"AUS","AVWAGE","TOT","USD","A","2002",46814.1710914908,
"AUS","AVWAGE","TOT","USD","A","2003",47450.4721023555,
"AUS","AVWAGE","TOT","USD","A","2004",48917.5529215111,
"AUS","AVWAGE","TOT","USD","A","2005",49462.8934098382,
"AUS","AVWAGE","TOT","USD","A","2006",49794.760378975,
"AUS","AVWAGE","TOT","USD","A","2007",51157.8286861926,
"AUS","AVWAGE","TOT","USD","A","2008",51485.1207131983,
"AUS","AVWAGE","TOT","USD","A","2009",50992.6443635822,
"AUS","AVWAGE","TOT","USD","A","2010",52757.1464680334,
"AUS","AVWAGE","TOT","USD","A","2011",54457.3274319476,
"AUS","AVWAGE","TOT","USD","A","2012",54809.9772681767,
"AUS","AVWAGE","TOT","USD","A","2013",54609.4471638796,
"AUS","AVWAGE","TOT","USD","A","2014",55076.0080073858,
"AUS","AVWAGE","TOT","USD","A","2015",54710.5209077347,
"AUS","AVWAGE","TOT","USD","A","2016",54825.0228390768,
"AUS","AVWAGE","TOT","USD","A","2017",54562.1050380874,
"AUS","AVWAGE","TOT","USD","A","2018",54701.951128817,
"AUS","AVWAGE","TOT","USD","A","2019",55287.6185923813,
"AUS","AVWAGE","TOT","USD","A","2020",56574.8366334383,
"AUS","AVWAGE","TOT","USD","A","2021",56020.5296644195,
"AUT","AVWAGE","TOT","USD","A","1990",44946.7506704214,
"AUT","AVWAGE","TOT","USD","A","1991",46351.7226623159,
"AUT","AVWAGE","TOT","USD","A","1992",47285.5405490119,
"AUT","AVWAGE","TOT","USD","A","1993",47671.0731672442,
"AUT","AVWAGE","TOT","USD","A","1994",48151.3731722353,
"AUT","AVWAGE","TOT","USD","A","1995",48539.2873499982,
"AUT","AVWAGE","TOT","USD","A","1996",48211.4329306714,
"AUT","AVWAGE","TOT","USD","A","1997",47806.7536649578,
"AUT","AVWAGE","TOT","USD","A","1998",49338.086363464,
"AUT","AVWAGE","TOT","USD","A","1999",50430.5299207682,
"AUT","AVWAGE","TOT","USD","A","2000",50590.3384931691,
"AUT","AVWAGE","TOT","USD","A","2001",50432.0228475098,
"AUT","AVWAGE","TOT","USD","A","2002",51195.5984366952,
"AUT","AVWAGE","TOT","USD","A","2003",51313.3051230424,
"AUT","AVWAGE","TOT","USD","A","2004",52287.4706043367,
"AUT","AVWAGE","TOT","USD","A","2005",52569.8749433307,
"AUT","AVWAGE","TOT","USD","A","2006",53355.3349204101,
"AUT","AVWAGE","TOT","USD","A","2007",53661.2733808497,
"AUT","AVWAGE","TOT","USD","A","2008",54563.1675966431,
"AUT","AVWAGE","TOT","USD","A","2009",55491.7249267048,
"AUT","AVWAGE","TOT","USD","A","2010",55241.9194291951,
"AUT","AVWAGE","TOT","USD","A","2011",54639.7802384352,
"AUT","AVWAGE","TOT","USD","A","2012",54950.0886876853,
"AUT","AVWAGE","TOT","USD","A","2013",54975.5149233133,
"AUT","AVWAGE","TOT","USD","A","2014",55178.1464288064,
"AUT","AVWAGE","TOT","USD","A","2015",55580.4368256989,
"AUT","AVWAGE","TOT","USD","A","2016",56106.7100075199,
"AUT","AVWAGE","TOT","USD","A","2017",56094.8011378073,
"AUT","AVWAGE","TOT","USD","A","2018",56279.1537371839,
"AUT","AVWAGE","TOT","USD","A","2019",56718.6548940255,
"AUT","AVWAGE","TOT","USD","A","2020",56807.4919322253,
"AUT","AVWAGE","TOT","USD","A","2021",58138.5895239434,
"BEL","AVWAGE","TOT","USD","A","1990",44928.6120805173,
"BEL","AVWAGE","TOT","USD","A","1991",46902.265850966,
"BEL","AVWAGE","TOT","USD","A","1992",48406.2286443662,
"BEL","AVWAGE","TOT","USD","A","1993",49423.6525847597,
"BEL","AVWAGE","TOT","USD","A","1994",50382.5510340721,
"BEL","AVWAGE","TOT","USD","A","1995",50211.126885393,
"BEL","AVWAGE","TOT","USD","A","1996",50840.5983161921,
"BEL","AVWAGE","TOT","USD","A","1997",51488.8766966885,
"BEL","AVWAGE","TOT","USD","A","1998",51519.7578462495,
"BEL","AVWAGE","TOT","USD","A","1999",54391.4044779399,
"BEL","AVWAGE","TOT","USD","A","2000",53900.1904267336,
"BEL","AVWAGE","TOT","USD","A","2001",54064.4585831634,
"BEL","AVWAGE","TOT","USD","A","2002",55460.1998703641,
"BEL","AVWAGE","TOT","USD","A","2003",55790.7971593042,
"BEL","AVWAGE","TOT","USD","A","2004",55498.1634989922,
"BEL","AVWAGE","TOT","USD","A","2005",54971.3161942908,
"BEL","AVWAGE","TOT","USD","A","2006",55344.7596414146,
"BEL","AVWAGE","TOT","USD","A","2007",55242.0784856113,
"BEL","AVWAGE","TOT","USD","A","2008",55480.4624783898,
"BEL","AVWAGE","TOT","USD","A","2009",56253.7123564765,
"BEL","AVWAGE","TOT","USD","A","2010",55993.2667758385,
"BEL","AVWAGE","TOT","USD","A","2011",56566.9103836593,
"BEL","AVWAGE","TOT","USD","A","2012",57024.2041245668,
"BEL","AVWAGE","TOT","USD","A","2013",57589.0071816615,
"BEL","AVWAGE","TOT","USD","A","2014",57909.3645514297,
"BEL","AVWAGE","TOT","USD","A","2015",57516.6946837993,
"BEL","AVWAGE","TOT","USD","A","2016",57640.2777132844,
"BEL","AVWAGE","TOT","USD","A","2017",57237.3948428294,
"BEL","AVWAGE","TOT","USD","A","2018",57546.8416588904,
"BEL","AVWAGE","TOT","USD","A","2019",58111.5567288263,
"BEL","AVWAGE","TOT","USD","A","2020",56560.8449110773,
"BEL","AVWAGE","TOT","USD","A","2021",59601.4990493628,
"CAN","AVWAGE","TOT","USD","A","1990",40575.5212597042,
"CAN","AVWAGE","TOT","USD","A","1991",40728.3186839818,
"CAN","AVWAGE","TOT","USD","A","1992",41323.1190750308,
"CAN","AVWAGE","TOT","USD","A","1993",41233.6665237262,
"CAN","AVWAGE","TOT","USD","A","1994",40764.6759233247,
"CAN","AVWAGE","TOT","USD","A","1995",40673.4552890241,
"CAN","AVWAGE","TOT","USD","A","1996",41034.3485476081,
"CAN","AVWAGE","TOT","USD","A","1997",42290.6481388901,
"CAN","AVWAGE","TOT","USD","A","1998",43000.4937218139,
"CAN","AVWAGE","TOT","USD","A","1999",43349.9489370353,
"CAN","AVWAGE","TOT","USD","A","2000",44664.2635914899,
"CAN","AVWAGE","TOT","USD","A","2001",44480.759664908,
"CAN","AVWAGE","TOT","USD","A","2002",44110.1757150714,
"CAN","AVWAGE","TOT","USD","A","2003",44129.2116936383,
"CAN","AVWAGE","TOT","USD","A","2004",45099.4519542193,
"CAN","AVWAGE","TOT","USD","A","2005",46401.7941974149,
"CAN","AVWAGE","TOT","USD","A","2006",47822.4076085542,
"CAN","AVWAGE","TOT","USD","A","2007",49218.9293087896,
"CAN","AVWAGE","TOT","USD","A","2008",50064.9940781002,
"CAN","AVWAGE","TOT","USD","A","2009",50506.860165028,
"CAN","AVWAGE","TOT","USD","A","2010",50654.7163717665,
"CAN","AVWAGE","TOT","USD","A","2011",51148.7643683222,
"CAN","AVWAGE","TOT","USD","A","2012",51935.925327481,
"CAN","AVWAGE","TOT","USD","A","2013",52578.3227790031,
"CAN","AVWAGE","TOT","USD","A","2014",53219.3911687958,
"CAN","AVWAGE","TOT","USD","A","2015",53635.2614227518,
"CAN","AVWAGE","TOT","USD","A","2016",52675.1743008595,
"CAN","AVWAGE","TOT","USD","A","2017",53430.1861851942,
"CAN","AVWAGE","TOT","USD","A","2018",54403.3018758831,
"CAN","AVWAGE","TOT","USD","A","2019",54685.317148032,
"CAN","AVWAGE","TOT","USD","A","2020",56257.7139461051,
"CAN","AVWAGE","TOT","USD","A","2021",54298.9105675969,
"CZE","AVWAGE","TOT","USD","A","1995",14329.4349860878,
"CZE","AVWAGE","TOT","USD","A","1996",15803.4582296016,
"CZE","AVWAGE","TOT","USD","A","1997",16050.341812929,
"CZE","AVWAGE","TOT","USD","A","1998",16047.4250689192,
"CZE","AVWAGE","TOT","USD","A","1999",16685.4854648269,
"CZE","AVWAGE","TOT","USD","A","2000",17312.5172246949,
"CZE","AVWAGE","TOT","USD","A","2001",18205.3666741867,
"CZE","AVWAGE","TOT","USD","A","2002",19306.3731302287,
"CZE","AVWAGE","TOT","USD","A","2003",20778.455885233,
"CZE","AVWAGE","TOT","USD","A","2004",21713.9509271951,
"CZE","AVWAGE","TOT","USD","A","2005",22352.2533291418,
"CZE","AVWAGE","TOT","USD","A","2006",23248.1589029567,
"CZE","AVWAGE","TOT","USD","A","2007",23941.9810640768,
"CZE","AVWAGE","TOT","USD","A","2008",24070.0526140981,
"CZE","AVWAGE","TOT","USD","A","2009",23973.6666593972,
"CZE","AVWAGE","TOT","USD","A","2010",24710.4851611255,
"CZE","AVWAGE","TOT","USD","A","2011",24911.8377454131,
"CZE","AVWAGE","TOT","USD","A","2012",24957.4549193736,
"CZE","AVWAGE","TOT","USD","A","2013",24801.8571007414,
"CZE","AVWAGE","TOT","USD","A","2014",25324.9126789162,
"CZE","AVWAGE","TOT","USD","A","2015",26069.6478966016,
"CZE","AVWAGE","TOT","USD","A","2016",26990.312606657,
"CZE","AVWAGE","TOT","USD","A","2017",28369.8084528943,
"CZE","AVWAGE","TOT","USD","A","2018",29872.4351145543,
"CZE","AVWAGE","TOT","USD","A","2019",31113.2749202304,
"CZE","AVWAGE","TOT","USD","A","2020",30790.2632372494,
"CZE","AVWAGE","TOT","USD","A","2021",31722.5175663448,
"DNK","AVWAGE","TOT","USD","A","1991",43376.5048149167,
"DNK","AVWAGE","TOT","USD","A","1992",44838.0535155554,
"DNK","AVWAGE","TOT","USD","A","1993",45334.252502463,
"DNK","AVWAGE","TOT","USD","A","1994",43757.960912424,
"DNK","AVWAGE","TOT","USD","A","1995",44692.6327170845,
"DNK","AVWAGE","TOT","USD","A","1996",45503.6641155408,
"DNK","AVWAGE","TOT","USD","A","1997",46231.2649692888,
"DNK","AVWAGE","TOT","USD","A","1998",47040.1137314719,
"DNK","AVWAGE","TOT","USD","A","1999",47592.7773525171,
"DNK","AVWAGE","TOT","USD","A","2000",47548.8338462698,
"DNK","AVWAGE","TOT","USD","A","2001",47832.0048625147,
"DNK","AVWAGE","TOT","USD","A","2002",48921.2607211016,
"DNK","AVWAGE","TOT","USD","A","2003",50128.6749210541,
"DNK","AVWAGE","TOT","USD","A","2004",51244.3470038413,
"DNK","AVWAGE","TOT","USD","A","2005",52129.5653219639,
"DNK","AVWAGE","TOT","USD","A","2006",53007.7983916839,
"DNK","AVWAGE","TOT","USD","A","2007",53598.7589589885,
"DNK","AVWAGE","TOT","USD","A","2008",54308.3034968074,
"DNK","AVWAGE","TOT","USD","A","2009",55623.9809632543,
"DNK","AVWAGE","TOT","USD","A","2010",56248.8273093699,
"DNK","AVWAGE","TOT","USD","A","2011",55952.6085929536,
"DNK","AVWAGE","TOT","USD","A","2012",55869.0759522555,
"DNK","AVWAGE","TOT","USD","A","2013",56259.301047628,
"DNK","AVWAGE","TOT","USD","A","2014",57332.8940738738,
"DNK","AVWAGE","TOT","USD","A","2015",58343.2489602734,
"DNK","AVWAGE","TOT","USD","A","2016",58332.2596091913,
"DNK","AVWAGE","TOT","USD","A","2017",58669.7014254054,
"DNK","AVWAGE","TOT","USD","A","2018",59175.7865746082,
"DNK","AVWAGE","TOT","USD","A","2019",59705.1547241451,
"DNK","AVWAGE","TOT","USD","A","2020",60417.8084401457,
"DNK","AVWAGE","TOT","USD","A","2021",62053.8532442887,
"FIN","AVWAGE","TOT","USD","A","1990",36003.9714407258,
"FIN","AVWAGE","TOT","USD","A","1991",36433.8774959998,
"FIN","AVWAGE","TOT","USD","A","1992",35883.5084243622,
"FIN","AVWAGE","TOT","USD","A","1993",34626.9628757551,
"FIN","AVWAGE","TOT","USD","A","1994",35117.7205958376,
"FIN","AVWAGE","TOT","USD","A","1995",36499.3504323855,
"FIN","AVWAGE","TOT","USD","A","1996",37335.4457718707,
"FIN","AVWAGE","TOT","USD","A","1997",37367.2524949924,
"FIN","AVWAGE","TOT","USD","A","1998",38353.7060518911,
"FIN","AVWAGE","TOT","USD","A","1999",39250.8560717111,
"FIN","AVWAGE","TOT","USD","A","2000",39924.7447914803,
"FIN","AVWAGE","TOT","USD","A","2001",40134.7537620183,
"FIN","AVWAGE","TOT","USD","A","2002",40350.3703059937,
"FIN","AVWAGE","TOT","USD","A","2003",41117.2240246413,
"FIN","AVWAGE","TOT","USD","A","2004",42474.2557538364,
"FIN","AVWAGE","TOT","USD","A","2005",43368.5036868176,
"FIN","AVWAGE","TOT","USD","A","2006",44266.1325917474,
"FIN","AVWAGE","TOT","USD","A","2007",44857.672054803,
"FIN","AVWAGE","TOT","USD","A","2008",45241.2087453282,
"FIN","AVWAGE","TOT","USD","A","2009",45631.3057473921,
"FIN","AVWAGE","TOT","USD","A","2010",46262.8048899904,
"FIN","AVWAGE","TOT","USD","A","2011",46275.9314480637,
"FIN","AVWAGE","TOT","USD","A","2012",46312.8588762804,
"FIN","AVWAGE","TOT","USD","A","2013",45849.8592368194,
"FIN","AVWAGE","TOT","USD","A","2014",45834.7436066727,
"FIN","AVWAGE","TOT","USD","A","2015",46193.7339604692,
"FIN","AVWAGE","TOT","USD","A","2016",46599.4385400729,
"FIN","AVWAGE","TOT","USD","A","2017",46331.8902548636,
"FIN","AVWAGE","TOT","USD","A","2018",46673.6915480754,
"FIN","AVWAGE","TOT","USD","A","2019",47154.5499379565,
"FIN","AVWAGE","TOT","USD","A","2020",47299.0338354153,
"FIN","AVWAGE","TOT","USD","A","2021",50697.7929295421,
"FRA","AVWAGE","TOT","USD","A","1990",35939.31570158,
"FRA","AVWAGE","TOT","USD","A","1991",36355.4990346749,
"FRA","AVWAGE","TOT","USD","A","1992",36762.447086493,
"FRA","AVWAGE","TOT","USD","A","1993",37186.2697128226,
"FRA","AVWAGE","TOT","USD","A","1994",37341.6174780032,
"FRA","AVWAGE","TOT","USD","A","1995",37895.7123590764,
"FRA","AVWAGE","TOT","USD","A","1996",38007.9364642161,
"FRA","AVWAGE","TOT","USD","A","1997",38432.7853032591,
"FRA","AVWAGE","TOT","USD","A","1998",39026.5682494986,
"FRA","AVWAGE","TOT","USD","A","1999",39885.9072302855,
"FRA","AVWAGE","TOT","USD","A","2000",40075.8665719275,
"FRA","AVWAGE","TOT","USD","A","2001",40328.126411557,
"FRA","AVWAGE","TOT","USD","A","2002",41415.9338962487,
"FRA","AVWAGE","TOT","USD","A","2003",41754.0664139514,
"FRA","AVWAGE","TOT","USD","A","2004",42434.812193927,
"FRA","AVWAGE","TOT","USD","A","2005",42946.0568732116,
"FRA","AVWAGE","TOT","USD","A","2006",43425.5363190101,
"FRA","AVWAGE","TOT","USD","A","2007",43584.4943182915,
"FRA","AVWAGE","TOT","USD","A","2008",43500.9047566945,
"FRA","AVWAGE","TOT","USD","A","2009",44884.958651256,
"FRA","AVWAGE","TOT","USD","A","2010",45791.0659379029,
"FRA","AVWAGE","TOT","USD","A","2011",45708.8389722874,
"FRA","AVWAGE","TOT","USD","A","2012",46004.8229735562,
"FRA","AVWAGE","TOT","USD","A","2013",46392.3574719985,
"FRA","AVWAGE","TOT","USD","A","2014",46711.5246971043,
"FRA","AVWAGE","TOT","USD","A","2015",47157.1790678884,
"FRA","AVWAGE","TOT","USD","A","2016",47702.5930302887,
"FRA","AVWAGE","TOT","USD","A","2017",48364.5619279381,
"FRA","AVWAGE","TOT","USD","A","2018",48302.8180688659,
"FRA","AVWAGE","TOT","USD","A","2019",48768.783706745,
"FRA","AVWAGE","TOT","USD","A","2020",46765.1051201413,
"FRA","AVWAGE","TOT","USD","A","2021",49618.7997253419,
"DEU","AVWAGE","TOT","USD","A","1991",41995.3408993501,
"DEU","AVWAGE","TOT","USD","A","1992",44572.1395480741,
"DEU","AVWAGE","TOT","USD","A","1993",44865.5015865439,
"DEU","AVWAGE","TOT","USD","A","1994",44964.2051218137,
"DEU","AVWAGE","TOT","USD","A","1995",45917.3365719507,
"DEU","AVWAGE","TOT","USD","A","1996",46444.9979691505,
"DEU","AVWAGE","TOT","USD","A","1997",46248.5887722157,
"DEU","AVWAGE","TOT","USD","A","1998",46814.9396262249,
"DEU","AVWAGE","TOT","USD","A","1999",47437.751018291,
"DEU","AVWAGE","TOT","USD","A","2000",47710.9847465933,
"DEU","AVWAGE","TOT","USD","A","2001",48058.9214364856,
"DEU","AVWAGE","TOT","USD","A","2002",48342.0578172677,
"DEU","AVWAGE","TOT","USD","A","2003",48502.2764513752,
"DEU","AVWAGE","TOT","USD","A","2004",48496.0216610124,
"DEU","AVWAGE","TOT","USD","A","2005",48671.3306872327,
"DEU","AVWAGE","TOT","USD","A","2006",48662.0056492813,
"DEU","AVWAGE","TOT","USD","A","2007",48513.9396727645,
"DEU","AVWAGE","TOT","USD","A","2008",48731.3265254939,
"DEU","AVWAGE","TOT","USD","A","2009",48741.1062929221,
"DEU","AVWAGE","TOT","USD","A","2010",49167.9347578749,
"DEU","AVWAGE","TOT","USD","A","2011",50160.0457185476,
"DEU","AVWAGE","TOT","USD","A","2012",50828.8815346567,
"DEU","AVWAGE","TOT","USD","A","2013",51307.5559028507,
"DEU","AVWAGE","TOT","USD","A","2014",52167.8863113446,
"DEU","AVWAGE","TOT","USD","A","2015",53367.4726273265,
"DEU","AVWAGE","TOT","USD","A","2016",54184.8206409685,
"DEU","AVWAGE","TOT","USD","A","2017",54755.7230329123,
"DEU","AVWAGE","TOT","USD","A","2018",55535.7404045791,
"DEU","AVWAGE","TOT","USD","A","2019",56426.8327149407,
"DEU","AVWAGE","TOT","USD","A","2020",56014.6493080307,
"DEU","AVWAGE","TOT","USD","A","2021",56663.4653311245,
"GRC","AVWAGE","TOT","USD","A","1995",20622.0757208913,
"GRC","AVWAGE","TOT","USD","A","1996",20836.0167677484,
"GRC","AVWAGE","TOT","USD","A","1997",23181.0462308984,
"GRC","AVWAGE","TOT","USD","A","1998",25098.1843815941,
"GRC","AVWAGE","TOT","USD","A","1999",25499.3340407721,
"GRC","AVWAGE","TOT","USD","A","2000",26950.3054446358,
"GRC","AVWAGE","TOT","USD","A","2001",27856.1479689263,
"GRC","AVWAGE","TOT","USD","A","2002",30389.123536457,
"GRC","AVWAGE","TOT","USD","A","2003",31727.7293014837,
"GRC","AVWAGE","TOT","USD","A","2004",32309.588953438,
"GRC","AVWAGE","TOT","USD","A","2005",32201.7310785018,
"GRC","AVWAGE","TOT","USD","A","2006",32584.7599357273,
"GRC","AVWAGE","TOT","USD","A","2007",32590.7773991024,
"GRC","AVWAGE","TOT","USD","A","2008",32086.4049927003,
"GRC","AVWAGE","TOT","USD","A","2009",33601.317199805,
"GRC","AVWAGE","TOT","USD","A","2010",32066.5822033873,
"GRC","AVWAGE","TOT","USD","A","2011",30032.3062706072,
"GRC","AVWAGE","TOT","USD","A","2012",28284.6460928503,
"GRC","AVWAGE","TOT","USD","A","2013",26436.2420433467,
"GRC","AVWAGE","TOT","USD","A","2014",26327.4124123302,
"GRC","AVWAGE","TOT","USD","A","2015",26586.0514977185,
"GRC","AVWAGE","TOT","USD","A","2016",25976.0349868208,
"GRC","AVWAGE","TOT","USD","A","2017",26142.0368861716,
"GRC","AVWAGE","TOT","USD","A","2018",24935.2456718293,
"GRC","AVWAGE","TOT","USD","A","2019",25160.1942882959,
"GRC","AVWAGE","TOT","USD","A","2020",25248.447131527,
"GRC","AVWAGE","TOT","USD","A","2021",25944.4438887666,
"HUN","AVWAGE","TOT","USD","A","1995",15301.2969585946,
"HUN","AVWAGE","TOT","USD","A","1996",15306.9484494035,
"HUN","AVWAGE","TOT","USD","A","1997",15684.6702838444,
"HUN","AVWAGE","TOT","USD","A","1998",16036.9278410878,
"HUN","AVWAGE","TOT","USD","A","1999",16106.5644369764,
"HUN","AVWAGE","TOT","USD","A","2000",16848.1727125597,
"HUN","AVWAGE","TOT","USD","A","2001",18128.8276640414,
"HUN","AVWAGE","TOT","USD","A","2002",19034.9578104422,
"HUN","AVWAGE","TOT","USD","A","2003",20558.8224302705,
"HUN","AVWAGE","TOT","USD","A","2004",21994.0012788274,
"HUN","AVWAGE","TOT","USD","A","2005",22963.8907300425,
"HUN","AVWAGE","TOT","USD","A","2006",23410.4504395546,
"HUN","AVWAGE","TOT","USD","A","2007",23236.8392716531,
"HUN","AVWAGE","TOT","USD","A","2008",23560.4774020667,
"HUN","AVWAGE","TOT","USD","A","2009",22213.3033773332,
"HUN","AVWAGE","TOT","USD","A","2010",22506.5133145725,
"HUN","AVWAGE","TOT","USD","A","2011",22797.2168673591,
"HUN","AVWAGE","TOT","USD","A","2012",22038.141659554,
"HUN","AVWAGE","TOT","USD","A","2013",21809.8985744855,
"HUN","AVWAGE","TOT","USD","A","2014",21523.2613990547,
"HUN","AVWAGE","TOT","USD","A","2015",21690.0796720492,
"HUN","AVWAGE","TOT","USD","A","2016",21886.871293431,
"HUN","AVWAGE","TOT","USD","A","2017",23469.9905049254,
"HUN","AVWAGE","TOT","USD","A","2018",24619.4415215965,
"HUN","AVWAGE","TOT","USD","A","2019",25434.778770644,
"HUN","AVWAGE","TOT","USD","A","2020",25866.6004926941,
"HUN","AVWAGE","TOT","USD","A","2021",26223.0286109792,
"IRL","AVWAGE","TOT","USD","A","1990",26667.1164249226,
"IRL","AVWAGE","TOT","USD","A","1991",27768.9245520916,
"IRL","AVWAGE","TOT","USD","A","1992",28925.9961067599,
"IRL","AVWAGE","TOT","USD","A","1993",30357.8441508106,
"IRL","AVWAGE","TOT","USD","A","1994",30556.0072412807,
"IRL","AVWAGE","TOT","USD","A","1995",31098.4603112504,
"IRL","AVWAGE","TOT","USD","A","1996",31569.7084134193,
"IRL","AVWAGE","TOT","USD","A","1997",33321.5243110861,
"IRL","AVWAGE","TOT","USD","A","1998",35300.0833121559,
"IRL","AVWAGE","TOT","USD","A","1999",36102.5783243615,
"IRL","AVWAGE","TOT","USD","A","2000",36884.9620408857,
"IRL","AVWAGE","TOT","USD","A","2001",38295.2867652568,
"IRL","AVWAGE","TOT","USD","A","2002",38684.578741254,
"IRL","AVWAGE","TOT","USD","A","2003",39849.8316352693,
"IRL","AVWAGE","TOT","USD","A","2004",41197.981660109,
"IRL","AVWAGE","TOT","USD","A","2005",42729.6906028936,
"IRL","AVWAGE","TOT","USD","A","2006",43092.6224860902,
"IRL","AVWAGE","TOT","USD","A","2007",44336.0613525728,
"IRL","AVWAGE","TOT","USD","A","2008",46078.8909959082,
"IRL","AVWAGE","TOT","USD","A","2009",49825.9815853535,
"IRL","AVWAGE","TOT","USD","A","2010",49983.366361918,
"IRL","AVWAGE","TOT","USD","A","2011",49395.5752793534,
"IRL","AVWAGE","TOT","USD","A","2012",49042.0266369167,
"IRL","AVWAGE","TOT","USD","A","2013",47915.0989417827,
"IRL","AVWAGE","TOT","USD","A","2014",47632.381172865,
"IRL","AVWAGE","TOT","USD","A","2015",47577.6109899035,
"IRL","AVWAGE","TOT","USD","A","2016",48222.8409564877,
"IRL","AVWAGE","TOT","USD","A","2017",48836.8157888442,
"IRL","AVWAGE","TOT","USD","A","2018",49192.528812821,
"IRL","AVWAGE","TOT","USD","A","2019",50080.9905015996,
"IRL","AVWAGE","TOT","USD","A","2020",50382.217508138,
"IRL","AVWAGE","TOT","USD","A","2021",52352.1066968612,
"ITA","AVWAGE","TOT","USD","A","1990",39746.385796719,
"ITA","AVWAGE","TOT","USD","A","1991",40080.3000026455,
"ITA","AVWAGE","TOT","USD","A","1992",40041.4978575712,
"ITA","AVWAGE","TOT","USD","A","1993",39424.7266143933,
"ITA","AVWAGE","TOT","USD","A","1994",38914.1978102469,
"ITA","AVWAGE","TOT","USD","A","1995",38062.2596197521,
"ITA","AVWAGE","TOT","USD","A","1996",38371.3964788492,
"ITA","AVWAGE","TOT","USD","A","1997",39466.7973271964,
"ITA","AVWAGE","TOT","USD","A","1998",39598.9656364812,
"ITA","AVWAGE","TOT","USD","A","1999",40051.8847673917,
"ITA","AVWAGE","TOT","USD","A","2000",40035.3116079662,
"ITA","AVWAGE","TOT","USD","A","2001",40318.9695688145,
"ITA","AVWAGE","TOT","USD","A","2002",40033.4423542408,
"ITA","AVWAGE","TOT","USD","A","2003",39922.9583292989,
"ITA","AVWAGE","TOT","USD","A","2004",40695.7984175418,
"ITA","AVWAGE","TOT","USD","A","2005",41237.1217414582,
"ITA","AVWAGE","TOT","USD","A","2006",41493.1725701228,
"ITA","AVWAGE","TOT","USD","A","2007",41479.1771883422,
"ITA","AVWAGE","TOT","USD","A","2008",41426.2758346518,
"ITA","AVWAGE","TOT","USD","A","2009",41742.9116285299,
"ITA","AVWAGE","TOT","USD","A","2010",42101.6803378277,
"ITA","AVWAGE","TOT","USD","A","2011",41423.0619051072,
"ITA","AVWAGE","TOT","USD","A","2012",40113.9692489258,
"ITA","AVWAGE","TOT","USD","A","2013",40241.3687972823,
"ITA","AVWAGE","TOT","USD","A","2014",40395.2670461538,
"ITA","AVWAGE","TOT","USD","A","2015",40751.0449544944,
"ITA","AVWAGE","TOT","USD","A","2016",41075.5244303434,
"ITA","AVWAGE","TOT","USD","A","2017",40804.6941479532,
"ITA","AVWAGE","TOT","USD","A","2018",40864.0897411954,
"ITA","AVWAGE","TOT","USD","A","2019",41071.7296928255,
"ITA","AVWAGE","TOT","USD","A","2020",38686.410942498,
"ITA","AVWAGE","TOT","USD","A","2021",41437.5949714938,
"JPN","AVWAGE","TOT","USD","A","1990",36738.6374760477,
"JPN","AVWAGE","TOT","USD","A","1991",37226.5188093087,
"JPN","AVWAGE","TOT","USD","A","1992",37339.0733128518,
"JPN","AVWAGE","TOT","USD","A","1993",36979.0561435169,
"JPN","AVWAGE","TOT","USD","A","1994",37350.9779079859,
"JPN","AVWAGE","TOT","USD","A","1995",37785.386741099,
"JPN","AVWAGE","TOT","USD","A","1996",37942.5453956328,
"JPN","AVWAGE","TOT","USD","A","1997",38242.9784264189,
"JPN","AVWAGE","TOT","USD","A","1998",38082.1696115165,
"JPN","AVWAGE","TOT","USD","A","1999",37954.4806296571,
"JPN","AVWAGE","TOT","USD","A","2000",38167.6257063506,
"JPN","AVWAGE","TOT","USD","A","2001",37779.0057286164,
"JPN","AVWAGE","TOT","USD","A","2002",37016.0611762679,
"JPN","AVWAGE","TOT","USD","A","2003",37047.8335268517,
"JPN","AVWAGE","TOT","USD","A","2004",37666.6049236016,
"JPN","AVWAGE","TOT","USD","A","2005",38635.5352780318,
"JPN","AVWAGE","TOT","USD","A","2006",38612.5235260543,
"JPN","AVWAGE","TOT","USD","A","2007",38509.1252742843,
"JPN","AVWAGE","TOT","USD","A","2008",38199.5085584763,
"JPN","AVWAGE","TOT","USD","A","2009",37652.6683201432,
"JPN","AVWAGE","TOT","USD","A","2010",37771.95086685,
"JPN","AVWAGE","TOT","USD","A","2011",38377.8535526685,
"JPN","AVWAGE","TOT","USD","A","2012",37739.1421411881,
"JPN","AVWAGE","TOT","USD","A","2013",37768.8556278653,
"JPN","AVWAGE","TOT","USD","A","2014",37088.6987748043,
"JPN","AVWAGE","TOT","USD","A","2015",36908.2758030905,
"JPN","AVWAGE","TOT","USD","A","2016",37413.1681173786,
"JPN","AVWAGE","TOT","USD","A","2017",37506.4491845833,
"JPN","AVWAGE","TOT","USD","A","2018",37931.8369703187,
"JPN","AVWAGE","TOT","USD","A","2019",38416.8945930735,
"JPN","AVWAGE","TOT","USD","A","2020",38193.7306990609,
"JPN","AVWAGE","TOT","USD","A","2021",40848.561015634,
"KOR","AVWAGE","TOT","USD","A","1990",22672.1101314621,
"KOR","AVWAGE","TOT","USD","A","1991",23669.9225706587,
"KOR","AVWAGE","TOT","USD","A","1992",24713.3983219715,
"KOR","AVWAGE","TOT","USD","A","1993",26181.2047237788,
"KOR","AVWAGE","TOT","USD","A","1994",26716.3591300781,
"KOR","AVWAGE","TOT","USD","A","1995",29326.2329112799,
"KOR","AVWAGE","TOT","USD","A","1996",30708.0866015979,
"KOR","AVWAGE","TOT","USD","A","1997",30081.5290532803,
"KOR","AVWAGE","TOT","USD","A","1998",29770.8078867453,
"KOR","AVWAGE","TOT","USD","A","1999",30044.3693845641,
"KOR","AVWAGE","TOT","USD","A","2000",30325.7290017476,
"KOR","AVWAGE","TOT","USD","A","2001",31376.8005583303,
"KOR","AVWAGE","TOT","USD","A","2002",32455.7956288046,
"KOR","AVWAGE","TOT","USD","A","2003",33655.0939399888,
"KOR","AVWAGE","TOT","USD","A","2004",34414.4563590397,
"KOR","AVWAGE","TOT","USD","A","2005",35476.0369103978,
"KOR","AVWAGE","TOT","USD","A","2006",35933.0376267966,
"KOR","AVWAGE","TOT","USD","A","2007",36710.2880928926,
"KOR","AVWAGE","TOT","USD","A","2008",36600.8250795139,
"KOR","AVWAGE","TOT","USD","A","2009",36790.5298238763,
"KOR","AVWAGE","TOT","USD","A","2010",37368.3697127684,
"KOR","AVWAGE","TOT","USD","A","2011",37858.4858977476,
"KOR","AVWAGE","TOT","USD","A","2012",37302.1819878395,
"KOR","AVWAGE","TOT","USD","A","2013",38243.4836890808,
"KOR","AVWAGE","TOT","USD","A","2014",38323.5039970805,
"KOR","AVWAGE","TOT","USD","A","2015",39388.5091751559,
"KOR","AVWAGE","TOT","USD","A","2016",40543.1050217712,
"KOR","AVWAGE","TOT","USD","A","2017",41496.3833154245,
"KOR","AVWAGE","TOT","USD","A","2018",42926.2761664326,
"KOR","AVWAGE","TOT","USD","A","2019",44400.4347944771,
"KOR","AVWAGE","TOT","USD","A","2020",44546.5003853219,
"KOR","AVWAGE","TOT","USD","A","2021",44812.713032007,
"LUX","AVWAGE","TOT","USD","A","1990",51317.0033793118,
"LUX","AVWAGE","TOT","USD","A","1991",52767.2856089698,
"LUX","AVWAGE","TOT","USD","A","1992",54169.3044377623,
"LUX","AVWAGE","TOT","USD","A","1993",55218.8675705614,
"LUX","AVWAGE","TOT","USD","A","1994",56112.6464139812,
"LUX","AVWAGE","TOT","USD","A","1995",56074.6324138846,
"LUX","AVWAGE","TOT","USD","A","1996",56799.8663853428,
"LUX","AVWAGE","TOT","USD","A","1997",57871.6810388871,
"LUX","AVWAGE","TOT","USD","A","1998",58009.9465912883,
"LUX","AVWAGE","TOT","USD","A","1999",59314.1652337923,
"LUX","AVWAGE","TOT","USD","A","2000",61293.0841900027,
"LUX","AVWAGE","TOT","USD","A","2001",61679.6477541406,
"LUX","AVWAGE","TOT","USD","A","2002",62943.8730646983,
"LUX","AVWAGE","TOT","USD","A","2003",62493.9206696567,
"LUX","AVWAGE","TOT","USD","A","2004",63201.8816466519,
"LUX","AVWAGE","TOT","USD","A","2005",63507.2062949223,
"LUX","AVWAGE","TOT","USD","A","2006",64386.0574452338,
"LUX","AVWAGE","TOT","USD","A","2007",66128.5962059917,
"LUX","AVWAGE","TOT","USD","A","2008",65784.9542970476,
"LUX","AVWAGE","TOT","USD","A","2009",67833.4829820644,
"LUX","AVWAGE","TOT","USD","A","2010",67873.37164559,
"LUX","AVWAGE","TOT","USD","A","2011",68257.1442331014,
"LUX","AVWAGE","TOT","USD","A","2012",67546.9355495535,
"LUX","AVWAGE","TOT","USD","A","2013",68358.4899261463,
"LUX","AVWAGE","TOT","USD","A","2014",69526.578506055,
"LUX","AVWAGE","TOT","USD","A","2015",69883.5373921121,
"LUX","AVWAGE","TOT","USD","A","2016",69670.9445506535,
"LUX","AVWAGE","TOT","USD","A","2017",70561.0329632535,
"LUX","AVWAGE","TOT","USD","A","2018",70621.3193599703,
"LUX","AVWAGE","TOT","USD","A","2019",70739.6107016326,
"LUX","AVWAGE","TOT","USD","A","2020",70711.862705106,
"LUX","AVWAGE","TOT","USD","A","2021",75304.7628662594,
"MEX","AVWAGE","TOT","USD","A","1990",16027.1029036836,
"MEX","AVWAGE","TOT","USD","A","1991",16874.2783745746,
"MEX","AVWAGE","TOT","USD","A","1992",17792.5284270192,
"MEX","AVWAGE","TOT","USD","A","1993",18514.5319711688,
"MEX","AVWAGE","TOT","USD","A","1994",18984.4619793443,
"MEX","AVWAGE","TOT","USD","A","1995",15634.3437348605,
"MEX","AVWAGE","TOT","USD","A","1996",14729.3534559208,
"MEX","AVWAGE","TOT","USD","A","1997",15459.0002138145,
"MEX","AVWAGE","TOT","USD","A","1998",16308.7756645196,
"MEX","AVWAGE","TOT","USD","A","1999",16973.5893552081,
"MEX","AVWAGE","TOT","USD","A","2000",17863.8320000429,
"MEX","AVWAGE","TOT","USD","A","2001",18898.4545682866,
"MEX","AVWAGE","TOT","USD","A","2002",18824.3339755496,
"MEX","AVWAGE","TOT","USD","A","2003",19154.7706908432,
"MEX","AVWAGE","TOT","USD","A","2004",19246.1415508369,
"MEX","AVWAGE","TOT","USD","A","2005",19378.0576628681,
"MEX","AVWAGE","TOT","USD","A","2006",19345.1746834489,
"MEX","AVWAGE","TOT","USD","A","2007",19419.335692985,
"MEX","AVWAGE","TOT","USD","A","2008",19252.1806042386,
"MEX","AVWAGE","TOT","USD","A","2009",19407.3911533466,
"MEX","AVWAGE","TOT","USD","A","2010",18181.4513057573,
"MEX","AVWAGE","TOT","USD","A","2011",18344.7168771693,
"MEX","AVWAGE","TOT","USD","A","2012",18015.1504787637,
"MEX","AVWAGE","TOT","USD","A","2013",18028.025634709,
"MEX","AVWAGE","TOT","USD","A","2014",18062.3425427365,
"MEX","AVWAGE","TOT","USD","A","2015",18296.9982607263,
"MEX","AVWAGE","TOT","USD","A","2016",18081.6572901231,
"MEX","AVWAGE","TOT","USD","A","2017",18033.9104446702,
"MEX","AVWAGE","TOT","USD","A","2018",18436.2125567029,
"MEX","AVWAGE","TOT","USD","A","2019",18610.5747301639,
"MEX","AVWAGE","TOT","USD","A","2020",18015.7768474965,
"MEX","AVWAGE","TOT","USD","A","2021",16610.0833870587,
"NLD","AVWAGE","TOT","USD","A","1990",53234.057099959,
"NLD","AVWAGE","TOT","USD","A","1991",53651.0008988176,
"NLD","AVWAGE","TOT","USD","A","1992",53933.9424446152,
"NLD","AVWAGE","TOT","USD","A","1993",54841.9681590598,
"NLD","AVWAGE","TOT","USD","A","1994",55240.1044995588,
"NLD","AVWAGE","TOT","USD","A","1995",54166.4160637905,
"NLD","AVWAGE","TOT","USD","A","1996",53986.3591582284,
"NLD","AVWAGE","TOT","USD","A","1997",54154.7385066665,
"NLD","AVWAGE","TOT","USD","A","1998",52420.9223912026,
"NLD","AVWAGE","TOT","USD","A","1999",53422.1930194417,
"NLD","AVWAGE","TOT","USD","A","2000",54729.6939876018,
"NLD","AVWAGE","TOT","USD","A","2001",55541.7849312998,
"NLD","AVWAGE","TOT","USD","A","2002",55714.0618188934,
"NLD","AVWAGE","TOT","USD","A","2003",56107.2212576383,
"NLD","AVWAGE","TOT","USD","A","2004",56989.7915419417,
"NLD","AVWAGE","TOT","USD","A","2005",56989.5062508403,
"NLD","AVWAGE","TOT","USD","A","2006",56865.4909171799,
"NLD","AVWAGE","TOT","USD","A","2007",57658.0921021726,
"NLD","AVWAGE","TOT","USD","A","2008",58007.8740518416,
"NLD","AVWAGE","TOT","USD","A","2009",60446.9227065166,
"NLD","AVWAGE","TOT","USD","A","2010",60388.585599175,
"NLD","AVWAGE","TOT","USD","A","2011",60118.9474052328,
"NLD","AVWAGE","TOT","USD","A","2012",60320.6484735168,
"NLD","AVWAGE","TOT","USD","A","2013",60498.5339007242,
"NLD","AVWAGE","TOT","USD","A","2014",60175.3198932722,
"NLD","AVWAGE","TOT","USD","A","2015",60906.7873152937,
"NLD","AVWAGE","TOT","USD","A","2016",61152.3537848032,
"NLD","AVWAGE","TOT","USD","A","2017",60711.5040629081,
"NLD","AVWAGE","TOT","USD","A","2018",60045.2810725851,
"NLD","AVWAGE","TOT","USD","A","2019",59673.274527296,
"NLD","AVWAGE","TOT","USD","A","2020",61082.4604077303,
"NLD","AVWAGE","TOT","USD","A","2021",61734.023649611,
"NOR","AVWAGE","TOT","USD","A","1990",32807.1869775279,
"NOR","AVWAGE","TOT","USD","A","1991",33170.389782704,
"NOR","AVWAGE","TOT","USD","A","1992",33594.3738430401,
"NOR","AVWAGE","TOT","USD","A","1993",33914.8252937773,
"NOR","AVWAGE","TOT","USD","A","1994",34606.1917049872,
"NOR","AVWAGE","TOT","USD","A","1995",34929.3657958209,
"NOR","AVWAGE","TOT","USD","A","1996",35971.6283544675,
"NOR","AVWAGE","TOT","USD","A","1997",36765.9541744288,
"NOR","AVWAGE","TOT","USD","A","1998",38118.5715074926,
"NOR","AVWAGE","TOT","USD","A","1999",39348.0743199861,
"NOR","AVWAGE","TOT","USD","A","2000",39694.3807559769,
"NOR","AVWAGE","TOT","USD","A","2001",40804.3114969467,
"NOR","AVWAGE","TOT","USD","A","2002",42319.6520704817,
"NOR","AVWAGE","TOT","USD","A","2003",42877.4361702182,
"NOR","AVWAGE","TOT","USD","A","2004",44321.4613995378,
"NOR","AVWAGE","TOT","USD","A","2005",45602.3187321486,
"NOR","AVWAGE","TOT","USD","A","2006",47423.1421917344,
"NOR","AVWAGE","TOT","USD","A","2007",49528.8068435151,
"NOR","AVWAGE","TOT","USD","A","2008",50570.1810614185,
"NOR","AVWAGE","TOT","USD","A","2009",51097.7514585421,
"NOR","AVWAGE","TOT","USD","A","2010",51768.8108245859,
"NOR","AVWAGE","TOT","USD","A","2011",53588.1796778429,
"NOR","AVWAGE","TOT","USD","A","2012",55048.3840649754,
"NOR","AVWAGE","TOT","USD","A","2013",56174.7101974111,
"NOR","AVWAGE","TOT","USD","A","2014",56428.6238508469,
"NOR","AVWAGE","TOT","USD","A","2015",56710.8706905164,
"NOR","AVWAGE","TOT","USD","A","2016",55794.0133205316,
"NOR","AVWAGE","TOT","USD","A","2017",55652.070082924,
"NOR","AVWAGE","TOT","USD","A","2018",56032.3993915965,
"NOR","AVWAGE","TOT","USD","A","2019",57032.8864011345,
"NOR","AVWAGE","TOT","USD","A","2020",57047.8266607577,
"NOR","AVWAGE","TOT","USD","A","2021",53078.7863154577,
"POL","AVWAGE","TOT","USD","A","1995",17430.1917052072,
"POL","AVWAGE","TOT","USD","A","1996",18808.6392782244,
"POL","AVWAGE","TOT","USD","A","1997",19785.5101614647,
"POL","AVWAGE","TOT","USD","A","1998",20375.173248061,
"POL","AVWAGE","TOT","USD","A","1999",22141.503184715,
"POL","AVWAGE","TOT","USD","A","2000",22246.0006587284,
"POL","AVWAGE","TOT","USD","A","2001",23516.9634540533,
"POL","AVWAGE","TOT","USD","A","2002",23420.1460397185,
"POL","AVWAGE","TOT","USD","A","2003",23703.3426763983,
"POL","AVWAGE","TOT","USD","A","2004",23177.280363693,
"POL","AVWAGE","TOT","USD","A","2005",23133.8129800018,
"POL","AVWAGE","TOT","USD","A","2006",23285.4386218608,
"POL","AVWAGE","TOT","USD","A","2007",24034.0430166977,
"POL","AVWAGE","TOT","USD","A","2008",25315.6934472953,
"POL","AVWAGE","TOT","USD","A","2009",25250.5186266485,
"POL","AVWAGE","TOT","USD","A","2010",25963.5511087305,
"POL","AVWAGE","TOT","USD","A","2011",25932.1744885838,
"POL","AVWAGE","TOT","USD","A","2012",25664.6105583063,
"POL","AVWAGE","TOT","USD","A","2013",25937.7928053641,
"POL","AVWAGE","TOT","USD","A","2014",26486.6226382838,
"POL","AVWAGE","TOT","USD","A","2015",27182.9894136788,
"POL","AVWAGE","TOT","USD","A","2016",28547.6654396302,
"POL","AVWAGE","TOT","USD","A","2017",29754.4614984179,
"POL","AVWAGE","TOT","USD","A","2018",31766.4232561687,
"POL","AVWAGE","TOT","USD","A","2019",33274.6992419867,
"POL","AVWAGE","TOT","USD","A","2020",33920.838044354,
"POL","AVWAGE","TOT","USD","A","2021",33850.4879841289,
"PRT","AVWAGE","TOT","USD","A","1995",25194.2716045398,
"PRT","AVWAGE","TOT","USD","A","1996",26126.3778261643,
"PRT","AVWAGE","TOT","USD","A","1997",26805.6347374377,
"PRT","AVWAGE","TOT","USD","A","1998",27141.0138334953,
"PRT","AVWAGE","TOT","USD","A","1999",28065.3903562434,
"PRT","AVWAGE","TOT","USD","A","2000",28455.3516266263,
"PRT","AVWAGE","TOT","USD","A","2001",28569.6230575002,
"PRT","AVWAGE","TOT","USD","A","2002",28557.3135811738,
"PRT","AVWAGE","TOT","USD","A","2003",28491.5223775153,
"PRT","AVWAGE","TOT","USD","A","2004",28529.3438890748,
"PRT","AVWAGE","TOT","USD","A","2005",28373.3888237066,
"PRT","AVWAGE","TOT","USD","A","2006",27757.5987583237,
"PRT","AVWAGE","TOT","USD","A","2007",27942.731224606,
"PRT","AVWAGE","TOT","USD","A","2008",27849.4859590347,
"PRT","AVWAGE","TOT","USD","A","2009",29136.2784275871,
"PRT","AVWAGE","TOT","USD","A","2010",29019.12339451,
"PRT","AVWAGE","TOT","USD","A","2011",28312.7120704421,
"PRT","AVWAGE","TOT","USD","A","2012",27096.2330540303,
"PRT","AVWAGE","TOT","USD","A","2013",27610.7309839901,
"PRT","AVWAGE","TOT","USD","A","2014",27134.9988487757,
"PRT","AVWAGE","TOT","USD","A","2015",27052.9944397158,
"PRT","AVWAGE","TOT","USD","A","2016",26911.0490495773,
"PRT","AVWAGE","TOT","USD","A","2017",27019.7971279006,
"PRT","AVWAGE","TOT","USD","A","2018",27467.6638987186,
"PRT","AVWAGE","TOT","USD","A","2019",28553.0613741412,
"PRT","AVWAGE","TOT","USD","A","2020",28853.3243350965,
"PRT","AVWAGE","TOT","USD","A","2021",29719.9861903718,
"SVK","AVWAGE","TOT","USD","A","1994",10475.4585703618,
"SVK","AVWAGE","TOT","USD","A","1995",11282.3864054423,
"SVK","AVWAGE","TOT","USD","A","1996",12200.5540815564,
"SVK","AVWAGE","TOT","USD","A","1997",13852.876877402,
"SVK","AVWAGE","TOT","USD","A","1998",14398.1279835088,
"SVK","AVWAGE","TOT","USD","A","1999",14098.3204038987,
"SVK","AVWAGE","TOT","USD","A","2000",14637.7206740616,
"SVK","AVWAGE","TOT","USD","A","2001",14636.8548790763,
"SVK","AVWAGE","TOT","USD","A","2002",15391.2926935224,
"SVK","AVWAGE","TOT","USD","A","2003",15688.7935170251,
"SVK","AVWAGE","TOT","USD","A","2004",15916.0739226583,
"SVK","AVWAGE","TOT","USD","A","2005",16892.5864507903,
"SVK","AVWAGE","TOT","USD","A","2006",17477.4294072814,
"SVK","AVWAGE","TOT","USD","A","2007",18549.5902587008,
"SVK","AVWAGE","TOT","USD","A","2008",18741.0181747746,
"SVK","AVWAGE","TOT","USD","A","2009",19378.346475063,
"SVK","AVWAGE","TOT","USD","A","2010",20222.0334666294,
"SVK","AVWAGE","TOT","USD","A","2011",20045.3936093762,
"SVK","AVWAGE","TOT","USD","A","2012",19795.5217767838,
"SVK","AVWAGE","TOT","USD","A","2013",19946.9115603127,
"SVK","AVWAGE","TOT","USD","A","2014",20346.7075097111,
"SVK","AVWAGE","TOT","USD","A","2015",21145.7574873358,
"SVK","AVWAGE","TOT","USD","A","2016",21817.9251002269,
"SVK","AVWAGE","TOT","USD","A","2017",22464.7954169155,
"SVK","AVWAGE","TOT","USD","A","2018",23098.9577046448,
"SVK","AVWAGE","TOT","USD","A","2019",23853.4500958502,
"SVK","AVWAGE","TOT","USD","A","2020",24161.5361716671,
"SVK","AVWAGE","TOT","USD","A","2021",24769.4339875983,
"ESP","AVWAGE","TOT","USD","A","1990",35782.5144788784,
"ESP","AVWAGE","TOT","USD","A","1991",36923.5985769757,
"ESP","AVWAGE","TOT","USD","A","1992",38288.091523164,
"ESP","AVWAGE","TOT","USD","A","1993",38899.6974320572,
"ESP","AVWAGE","TOT","USD","A","1994",39305.9417277052,
"ESP","AVWAGE","TOT","USD","A","1995",38525.9626699226,
"ESP","AVWAGE","TOT","USD","A","1996",39047.7507431892,
"ESP","AVWAGE","TOT","USD","A","1997",39089.6082280557,
"ESP","AVWAGE","TOT","USD","A","1998",39298.578897448,
"ESP","AVWAGE","TOT","USD","A","1999",39275.5255247306,
"ESP","AVWAGE","TOT","USD","A","2000",38421.5227458625,
"ESP","AVWAGE","TOT","USD","A","2001",38220.4614075403,
"ESP","AVWAGE","TOT","USD","A","2002",38412.0453735447,
"ESP","AVWAGE","TOT","USD","A","2003",38216.7056948267,
"ESP","AVWAGE","TOT","USD","A","2004",37730.3238950411,
"ESP","AVWAGE","TOT","USD","A","2005",37893.0161414745,
"ESP","AVWAGE","TOT","USD","A","2006",37712.0814553545,
"ESP","AVWAGE","TOT","USD","A","2007",38120.6260738673,
"ESP","AVWAGE","TOT","USD","A","2008",39467.8010558605,
"ESP","AVWAGE","TOT","USD","A","2009",41951.77590601,
"ESP","AVWAGE","TOT","USD","A","2010",41555.0410136663,
"ESP","AVWAGE","TOT","USD","A","2011",40812.716151443,
"ESP","AVWAGE","TOT","USD","A","2012",39669.8771676413,
"ESP","AVWAGE","TOT","USD","A","2013",39672.9954833724,
"ESP","AVWAGE","TOT","USD","A","2014",39551.1102995808,
"ESP","AVWAGE","TOT","USD","A","2015",40142.6533347512,
"ESP","AVWAGE","TOT","USD","A","2016",39916.321987843,
"ESP","AVWAGE","TOT","USD","A","2017",39395.7323749018,
"ESP","AVWAGE","TOT","USD","A","2018",39264.2297142191,
"ESP","AVWAGE","TOT","USD","A","2019",39346.232294235,
"ESP","AVWAGE","TOT","USD","A","2020",37914.2159417339,
"ESP","AVWAGE","TOT","USD","A","2021",39479.9173249867,
"SWE","AVWAGE","TOT","USD","A","1990",29717.0512295308,
"SWE","AVWAGE","TOT","USD","A","1991",28302.0731182005,
"SWE","AVWAGE","TOT","USD","A","1992",29188.9314421943,
"SWE","AVWAGE","TOT","USD","A","1993",28806.4819574551,
"SWE","AVWAGE","TOT","USD","A","1994",29512.0721445106,
"SWE","AVWAGE","TOT","USD","A","1995",29578.5583946785,
"SWE","AVWAGE","TOT","USD","A","1996",31344.2176151536,
"SWE","AVWAGE","TOT","USD","A","1997",32580.4295847546,
"SWE","AVWAGE","TOT","USD","A","1998",33653.2877367836,
"SWE","AVWAGE","TOT","USD","A","1999",34360.9466881099,
"SWE","AVWAGE","TOT","USD","A","2000",35448.5410333229,
"SWE","AVWAGE","TOT","USD","A","2001",35864.4309010608,
"SWE","AVWAGE","TOT","USD","A","2002",36337.2345149981,
"SWE","AVWAGE","TOT","USD","A","2003",36645.43051215,
"SWE","AVWAGE","TOT","USD","A","2004",37862.5259913855,
"SWE","AVWAGE","TOT","USD","A","2005",38816.3482746526,
"SWE","AVWAGE","TOT","USD","A","2006",39896.5401229237,
"SWE","AVWAGE","TOT","USD","A","2007",41231.0079048457,
"SWE","AVWAGE","TOT","USD","A","2008",42022.1304898504,
"SWE","AVWAGE","TOT","USD","A","2009",42172.2328146514,
"SWE","AVWAGE","TOT","USD","A","2010",42687.0837036762,
"SWE","AVWAGE","TOT","USD","A","2011",43322.4112398296,
"SWE","AVWAGE","TOT","USD","A","2012",44241.5476706127,
"SWE","AVWAGE","TOT","USD","A","2013",44730.8431039973,
"SWE","AVWAGE","TOT","USD","A","2014",45228.367564264,
"SWE","AVWAGE","TOT","USD","A","2015",45918.5953621706,
"SWE","AVWAGE","TOT","USD","A","2016",46631.8530935772,
"SWE","AVWAGE","TOT","USD","A","2017",46882.8545261679,
"SWE","AVWAGE","TOT","USD","A","2018",47119.8728617276,
"SWE","AVWAGE","TOT","USD","A","2019",47613.4702888995,
"SWE","AVWAGE","TOT","USD","A","2020",48206.2235240709,
"SWE","AVWAGE","TOT","USD","A","2021",49825.3242475312,
"CHE","AVWAGE","TOT","USD","A","1990",52209.1555943897,
"CHE","AVWAGE","TOT","USD","A","1991",53129.539752352,
"CHE","AVWAGE","TOT","USD","A","1992",53597.5217239124,
"CHE","AVWAGE","TOT","USD","A","1993",54168.5785927332,
"CHE","AVWAGE","TOT","USD","A","1994",54863.4181253075,
"CHE","AVWAGE","TOT","USD","A","1995",54900.9630182511,
"CHE","AVWAGE","TOT","USD","A","1996",54241.0311445161,
"CHE","AVWAGE","TOT","USD","A","1997",55203.6199461211,
"CHE","AVWAGE","TOT","USD","A","1998",55368.0907295748,
"CHE","AVWAGE","TOT","USD","A","1999",56387.1684834819,
"CHE","AVWAGE","TOT","USD","A","2000",57204.9580101475,
"CHE","AVWAGE","TOT","USD","A","2001",60398.5370437974,
"CHE","AVWAGE","TOT","USD","A","2002",61615.8962868995,
"CHE","AVWAGE","TOT","USD","A","2003",61299.3808603019,
"CHE","AVWAGE","TOT","USD","A","2004",60859.4776192317,
"CHE","AVWAGE","TOT","USD","A","2005",61813.2744366399,
"CHE","AVWAGE","TOT","USD","A","2006",61991.7811358885,
"CHE","AVWAGE","TOT","USD","A","2007",62729.7019422459,
"CHE","AVWAGE","TOT","USD","A","2008",63044.6970332933,
"CHE","AVWAGE","TOT","USD","A","2009",64332.081228608,
"CHE","AVWAGE","TOT","USD","A","2010",63986.1665877577,
"CHE","AVWAGE","TOT","USD","A","2011",64407.1159731985,
"CHE","AVWAGE","TOT","USD","A","2012",65369.2017266595,
"CHE","AVWAGE","TOT","USD","A","2013",66167.4710312538,
"CHE","AVWAGE","TOT","USD","A","2014",66278.167088419,
"CHE","AVWAGE","TOT","USD","A","2015",66654.8211395292,
"CHE","AVWAGE","TOT","USD","A","2016",66157.0652452689,
"CHE","AVWAGE","TOT","USD","A","2017",65850.1089485432,
"CHE","AVWAGE","TOT","USD","A","2018",65662.6938583035,
"CHE","AVWAGE","TOT","USD","A","2019",67039.1605425135,
"CHE","AVWAGE","TOT","USD","A","2020",66038.7228910565,
"CHE","AVWAGE","TOT","USD","A","2021",69725.5986234094,
"GBR","AVWAGE","TOT","USD","A","1990",33334.2988097095,
"GBR","AVWAGE","TOT","USD","A","1991",33296.1825937376,
"GBR","AVWAGE","TOT","USD","A","1992",33947.0971435077,
"GBR","AVWAGE","TOT","USD","A","1993",34480.6912444802,
"GBR","AVWAGE","TOT","USD","A","1994",35088.4367962806,
"GBR","AVWAGE","TOT","USD","A","1995",35100.0965013391,
"GBR","AVWAGE","TOT","USD","A","1996",35057.4845928921,
"GBR","AVWAGE","TOT","USD","A","1997",36318.2602714853,
"GBR","AVWAGE","TOT","USD","A","1998",36895.6356595226,
"GBR","AVWAGE","TOT","USD","A","1999",38860.7316303578,
"GBR","AVWAGE","TOT","USD","A","2000",40689.4903078,
"GBR","AVWAGE","TOT","USD","A","2001",42237.9172949418,
"GBR","AVWAGE","TOT","USD","A","2002",42834.7691175792,
"GBR","AVWAGE","TOT","USD","A","2003",44050.5336943918,
"GBR","AVWAGE","TOT","USD","A","2004",45334.7507619099,
"GBR","AVWAGE","TOT","USD","A","2005",45379.6623000822,
"GBR","AVWAGE","TOT","USD","A","2006",46648.9559828678,
"GBR","AVWAGE","TOT","USD","A","2007",47850.2691708769,
"GBR","AVWAGE","TOT","USD","A","2008",46737.3648389669,
"GBR","AVWAGE","TOT","USD","A","2009",46857.7780174904,
"GBR","AVWAGE","TOT","USD","A","2010",47058.7471500282,
"GBR","AVWAGE","TOT","USD","A","2011",46219.4744668119,
"GBR","AVWAGE","TOT","USD","A","2012",45669.3345889505,
"GBR","AVWAGE","TOT","USD","A","2013",46167.9965927153,
"GBR","AVWAGE","TOT","USD","A","2014",46191.4949428394,
"GBR","AVWAGE","TOT","USD","A","2015",46961.1806749242,
"GBR","AVWAGE","TOT","USD","A","2016",47663.0120461402,
"GBR","AVWAGE","TOT","USD","A","2017",47764.9812018487,
"GBR","AVWAGE","TOT","USD","A","2018",48023.974442035,
"GBR","AVWAGE","TOT","USD","A","2019",48770.1402099556,
"GBR","AVWAGE","TOT","USD","A","2020",48717.8700632575,
"GBR","AVWAGE","TOT","USD","A","2021",51723.5956325464,
"USA","AVWAGE","TOT","USD","A","1990",48789.1897440145,
"USA","AVWAGE","TOT","USD","A","1991",49120.7433932799,
"USA","AVWAGE","TOT","USD","A","1992",50259.2242594897,
"USA","AVWAGE","TOT","USD","A","1993",49976.0350696503,
"USA","AVWAGE","TOT","USD","A","1994",49784.9892850696,
"USA","AVWAGE","TOT","USD","A","1995",50067.239543044,
"USA","AVWAGE","TOT","USD","A","1996",50798.9486453196,
"USA","AVWAGE","TOT","USD","A","1997",52067.2538343043,
"USA","AVWAGE","TOT","USD","A","1998",54211.9814517411,
"USA","AVWAGE","TOT","USD","A","1999",55641.5242840595,
"USA","AVWAGE","TOT","USD","A","2000",57498.9035174666,
"USA","AVWAGE","TOT","USD","A","2001",57939.6628556631,
"USA","AVWAGE","TOT","USD","A","2002",58405.4792323863,
"USA","AVWAGE","TOT","USD","A","2003",59033.8390062937,
"USA","AVWAGE","TOT","USD","A","2004",60127.4044432791,
"USA","AVWAGE","TOT","USD","A","2005",60184.2170112976,
"USA","AVWAGE","TOT","USD","A","2006",61084.8868645938,
"USA","AVWAGE","TOT","USD","A","2007",62241.945889786,
"USA","AVWAGE","TOT","USD","A","2008",62088.5034386166,
"USA","AVWAGE","TOT","USD","A","2009",62711.3094375679,
"USA","AVWAGE","TOT","USD","A","2010",63264.8102323846,
"USA","AVWAGE","TOT","USD","A","2011",63349.4306680621,
"USA","AVWAGE","TOT","USD","A","2012",63890.2255306466,
"USA","AVWAGE","TOT","USD","A","2013",63587.7730747805,
"USA","AVWAGE","TOT","USD","A","2014",64513.4410631374,
"USA","AVWAGE","TOT","USD","A","2015",66139.5133731373,
"USA","AVWAGE","TOT","USD","A","2016",66259.724729521,
"USA","AVWAGE","TOT","USD","A","2017",66933.9728439335,
"USA","AVWAGE","TOT","USD","A","2018",67663.8360775703,
"USA","AVWAGE","TOT","USD","A","2019",68842.3066162042,
"USA","AVWAGE","TOT","USD","A","2020",72806.7540079049,
"USA","AVWAGE","TOT","USD","A","2021",74737.8453542402,
"EST","AVWAGE","TOT","USD","A","1995",9386.7778024434,
"EST","AVWAGE","TOT","USD","A","1996",10007.8123485414,
"EST","AVWAGE","TOT","USD","A","1997",10906.3695590019,
"EST","AVWAGE","TOT","USD","A","1998",11648.6078617956,
"EST","AVWAGE","TOT","USD","A","1999",12184.9924712709,
"EST","AVWAGE","TOT","USD","A","2000",13148.1887172996,
"EST","AVWAGE","TOT","USD","A","2001",13632.4012061051,
"EST","AVWAGE","TOT","USD","A","2002",14412.0362514301,
"EST","AVWAGE","TOT","USD","A","2003",15771.673766662,
"EST","AVWAGE","TOT","USD","A","2004",17087.6806161248,
"EST","AVWAGE","TOT","USD","A","2005",18234.3463021529,
"EST","AVWAGE","TOT","USD","A","2006",19859.6860592856,
"EST","AVWAGE","TOT","USD","A","2007",23093.1149849747,
"EST","AVWAGE","TOT","USD","A","2008",23396.0524125826,
"EST","AVWAGE","TOT","USD","A","2009",22729.1340608852,
"EST","AVWAGE","TOT","USD","A","2010",22595.5562784258,
"EST","AVWAGE","TOT","USD","A","2011",22118.4279276287,
"EST","AVWAGE","TOT","USD","A","2012",22388.3168852041,
"EST","AVWAGE","TOT","USD","A","2013",22930.8926775993,
"EST","AVWAGE","TOT","USD","A","2014",24139.564366295,
"EST","AVWAGE","TOT","USD","A","2015",25273.9260627654,
"EST","AVWAGE","TOT","USD","A","2016",26653.1222367728,
"EST","AVWAGE","TOT","USD","A","2017",27263.6172027734,
"EST","AVWAGE","TOT","USD","A","2018",28748.7409352655,
"EST","AVWAGE","TOT","USD","A","2019",30440.840317568,
"EST","AVWAGE","TOT","USD","A","2020",32258.8981868105,
"EST","AVWAGE","TOT","USD","A","2021",33359.5804615547,
"ISR","AVWAGE","TOT","USD","A","1995",28904.6106275021,
"ISR","AVWAGE","TOT","USD","A","1996",31420.8506684063,
"ISR","AVWAGE","TOT","USD","A","1997",32400.2290650556,
"ISR","AVWAGE","TOT","USD","A","1998",33666.9969849777,
"ISR","AVWAGE","TOT","USD","A","1999",34276.7319207372,
"ISR","AVWAGE","TOT","USD","A","2000",35394.1219179783,
"ISR","AVWAGE","TOT","USD","A","2001",35909.0336020116,
"ISR","AVWAGE","TOT","USD","A","2002",34567.9263587489,
"ISR","AVWAGE","TOT","USD","A","2003",33386.773176385,
"ISR","AVWAGE","TOT","USD","A","2004",32908.7699291286,
"ISR","AVWAGE","TOT","USD","A","2005",33016.053420711,
"ISR","AVWAGE","TOT","USD","A","2006",33943.3480858471,
"ISR","AVWAGE","TOT","USD","A","2007",34275.2524298075,
"ISR","AVWAGE","TOT","USD","A","2008",33538.4019606905,
"ISR","AVWAGE","TOT","USD","A","2009",32722.9162794302,
"ISR","AVWAGE","TOT","USD","A","2010",32680.6061791519,
"ISR","AVWAGE","TOT","USD","A","2011",32989.1706922976,
"ISR","AVWAGE","TOT","USD","A","2012",33548.9218358043,
"ISR","AVWAGE","TOT","USD","A","2013",33679.1613755743,
"ISR","AVWAGE","TOT","USD","A","2014",33923.4263260554,
"ISR","AVWAGE","TOT","USD","A","2015",34930.6524789801,
"ISR","AVWAGE","TOT","USD","A","2016",36289.2635242133,
"ISR","AVWAGE","TOT","USD","A","2017",37407.5652916184,
"ISR","AVWAGE","TOT","USD","A","2018",38465.1374609517,
"ISR","AVWAGE","TOT","USD","A","2019",39268.2235001398,
"ISR","AVWAGE","TOT","USD","A","2020",39353.8921410135,
"ISR","AVWAGE","TOT","USD","A","2021",42089.1424095793,
"SVN","AVWAGE","TOT","USD","A","1994",25207.0455553887,
"SVN","AVWAGE","TOT","USD","A","1995",25207.0455553887,
"SVN","AVWAGE","TOT","USD","A","1996",26459.6011261777,
"SVN","AVWAGE","TOT","USD","A","1997",27870.4734461173,
"SVN","AVWAGE","TOT","USD","A","1998",28212.7925498313,
"SVN","AVWAGE","TOT","USD","A","1999",28739.6296048061,
"SVN","AVWAGE","TOT","USD","A","2000",29483.2454249327,
"SVN","AVWAGE","TOT","USD","A","2001",30688.4931353496,
"SVN","AVWAGE","TOT","USD","A","2002",30771.2460835148,
"SVN","AVWAGE","TOT","USD","A","2003",31409.6560099091,
"SVN","AVWAGE","TOT","USD","A","2004",32926.9093066936,
"SVN","AVWAGE","TOT","USD","A","2005",34181.349450385,
"SVN","AVWAGE","TOT","USD","A","2006",35319.4086273818,
"SVN","AVWAGE","TOT","USD","A","2007",36108.5231895105,
"SVN","AVWAGE","TOT","USD","A","2008",36657.4970958273,
"SVN","AVWAGE","TOT","USD","A","2009",36967.9265746708,
"SVN","AVWAGE","TOT","USD","A","2010",38037.14061914,
"SVN","AVWAGE","TOT","USD","A","2011",37921.5828593934,
"SVN","AVWAGE","TOT","USD","A","2012",36799.1684560581,
"SVN","AVWAGE","TOT","USD","A","2013",36197.1054311931,
"SVN","AVWAGE","TOT","USD","A","2014",36916.2554032508,
"SVN","AVWAGE","TOT","USD","A","2015",37694.0158456837,
"SVN","AVWAGE","TOT","USD","A","2016",39153.0820366117,
"SVN","AVWAGE","TOT","USD","A","2017",39871.8830712952,
"SVN","AVWAGE","TOT","USD","A","2018",40572.501927233,
"SVN","AVWAGE","TOT","USD","A","2019",41765.5550072932,
"SVN","AVWAGE","TOT","USD","A","2020",43211.8348866488,
"SVN","AVWAGE","TOT","USD","A","2021",44084.0518868672,
"OECD","AVWAGE","TOT","USD","A","1990",38055.8189610195,
"OECD","AVWAGE","TOT","USD","A","1991",38303.6944085182,
"OECD","AVWAGE","TOT","USD","A","1992",39107.5705723559,
"OECD","AVWAGE","TOT","USD","A","1993",39168.6196101939,
"OECD","AVWAGE","TOT","USD","A","1994",39306.2868373411,
"OECD","AVWAGE","TOT","USD","A","1995",39431.1165945757,
"OECD","AVWAGE","TOT","USD","A","1996",39857.7714025133,
"OECD","AVWAGE","TOT","USD","A","1997",40588.8698341584,
"OECD","AVWAGE","TOT","USD","A","1998",41554.8805757689,
"OECD","AVWAGE","TOT","USD","A","1999",42546.2413031658,
"OECD","AVWAGE","TOT","USD","A","2000",43452.9985404859,
"OECD","AVWAGE","TOT","USD","A","2001",43904.3358249174,
"OECD","AVWAGE","TOT","USD","A","2002",44081.4173903695,
"OECD","AVWAGE","TOT","USD","A","2003",44473.6258561842,
"OECD","AVWAGE","TOT","USD","A","2004",45107.2965988104,
"OECD","AVWAGE","TOT","USD","A","2005",45457.4844413695,
"OECD","AVWAGE","TOT","USD","A","2006",45901.8790586739,
"OECD","AVWAGE","TOT","USD","A","2007",46484.8278045887,
"OECD","AVWAGE","TOT","USD","A","2008",46386.8269529322,
"OECD","AVWAGE","TOT","USD","A","2009",46687.8083737238,
"OECD","AVWAGE","TOT","USD","A","2010",46838.0830262384,
"OECD","AVWAGE","TOT","USD","A","2011",47023.3244454562,
"OECD","AVWAGE","TOT","USD","A","2012",47047.1907275255,
"OECD","AVWAGE","TOT","USD","A","2013",47179.4769073602,
"OECD","AVWAGE","TOT","USD","A","2014",47551.0815269513,
"OECD","AVWAGE","TOT","USD","A","2015",48374.33156422,
"OECD","AVWAGE","TOT","USD","A","2016",48699.7128287016,
"OECD","AVWAGE","TOT","USD","A","2017",49076.2038162041,
"OECD","AVWAGE","TOT","USD","A","2018",49641.1846796428,
"OECD","AVWAGE","TOT","USD","A","2019",50429.2087137604,
"OECD","AVWAGE","TOT","USD","A","2020",50987.8611298003,
"OECD","AVWAGE","TOT","USD","A","2021",52436.2886714881,
"ISL","AVWAGE","TOT","USD","A","1990",40451.5437994458,
"ISL","AVWAGE","TOT","USD","A","1991",43732.544067242,
"ISL","AVWAGE","TOT","USD","A","1992",42216.3748797001,
"ISL","AVWAGE","TOT","USD","A","1993",39984.9790272728,
"ISL","AVWAGE","TOT","USD","A","1994",40789.8215155023,
"ISL","AVWAGE","TOT","USD","A","1995",41772.2783260771,
"ISL","AVWAGE","TOT","USD","A","1996",43096.2723115926,
"ISL","AVWAGE","TOT","USD","A","1997",44924.1625285365,
"ISL","AVWAGE","TOT","USD","A","1998",49578.6257260685,
"ISL","AVWAGE","TOT","USD","A","1999",51897.6028496081,
"ISL","AVWAGE","TOT","USD","A","2000",53488.2024784892,
"ISL","AVWAGE","TOT","USD","A","2001",53078.5631775108,
"ISL","AVWAGE","TOT","USD","A","2002",54603.9763372715,
"ISL","AVWAGE","TOT","USD","A","2003",53217.255783535,
"ISL","AVWAGE","TOT","USD","A","2004",56431.0478289554,
"ISL","AVWAGE","TOT","USD","A","2005",60808.0904897415,
"ISL","AVWAGE","TOT","USD","A","2006",64006.9673652845,
"ISL","AVWAGE","TOT","USD","A","2007",65929.0337568241,
"ISL","AVWAGE","TOT","USD","A","2008",58445.6484487622,
"ISL","AVWAGE","TOT","USD","A","2009",49479.0609752294,
"ISL","AVWAGE","TOT","USD","A","2010",50917.6417549352,
"ISL","AVWAGE","TOT","USD","A","2011",53077.5654071639,
"ISL","AVWAGE","TOT","USD","A","2012",52802.632657995,
"ISL","AVWAGE","TOT","USD","A","2013",53607.2716495334,
"ISL","AVWAGE","TOT","USD","A","2014",54368.3356056534,
"ISL","AVWAGE","TOT","USD","A","2015",57962.6164979757,
"ISL","AVWAGE","TOT","USD","A","2016",62493.6799826106,
"ISL","AVWAGE","TOT","USD","A","2017",68447.6880210392,
"ISL","AVWAGE","TOT","USD","A","2018",72338.2934656177,
"ISL","AVWAGE","TOT","USD","A","2019",71578.0959430844,
"ISL","AVWAGE","TOT","USD","A","2020",68671.1182802012,
"ISL","AVWAGE","TOT","USD","A","2021",72434.3967461246,
"NZL","AVWAGE","TOT","USD","A","1990",31660.9187127744,
"NZL","AVWAGE","TOT","USD","A","1991",30411.8277513284,
"NZL","AVWAGE","TOT","USD","A","1992",31755.3879595814,
"NZL","AVWAGE","TOT","USD","A","1993",32576.016273991,
"NZL","AVWAGE","TOT","USD","A","1994",33152.5948138865,
"NZL","AVWAGE","TOT","USD","A","1995",33002.9313500258,
"NZL","AVWAGE","TOT","USD","A","1996",33546.2847363621,
"NZL","AVWAGE","TOT","USD","A","1997",34498.9427399535,
"NZL","AVWAGE","TOT","USD","A","1998",33933.2874190345,
"NZL","AVWAGE","TOT","USD","A","1999",33509.1420812718,
"NZL","AVWAGE","TOT","USD","A","2000",33642.5092297529,
"NZL","AVWAGE","TOT","USD","A","2001",34280.3555386947,
"NZL","AVWAGE","TOT","USD","A","2002",34913.8071302882,
"NZL","AVWAGE","TOT","USD","A","2003",36207.9021146818,
"NZL","AVWAGE","TOT","USD","A","2004",37475.9096587013,
"NZL","AVWAGE","TOT","USD","A","2005",38109.7749927121,
"NZL","AVWAGE","TOT","USD","A","2006",38343.4199808892,
"NZL","AVWAGE","TOT","USD","A","2007",40583.4676383447,
"NZL","AVWAGE","TOT","USD","A","2008",40112.6657837923,
"NZL","AVWAGE","TOT","USD","A","2009",40602.6317997811,
"NZL","AVWAGE","TOT","USD","A","2010",41047.8213936899,
"NZL","AVWAGE","TOT","USD","A","2011",41016.4429427918,
"NZL","AVWAGE","TOT","USD","A","2012",41902.3771568275,
"NZL","AVWAGE","TOT","USD","A","2013",41340.6066042718,
"NZL","AVWAGE","TOT","USD","A","2014",41502.7204932509,
"NZL","AVWAGE","TOT","USD","A","2015",42250.9746441188,
"NZL","AVWAGE","TOT","USD","A","2016",43625.3734649386,
"NZL","AVWAGE","TOT","USD","A","2017",43925.3135321211,
"NZL","AVWAGE","TOT","USD","A","2018",45023.2405072775,
"NZL","AVWAGE","TOT","USD","A","2019",46392.5392108538,
"NZL","AVWAGE","TOT","USD","A","2020",47307.7114696062,
"NZL","AVWAGE","TOT","USD","A","2021",48341.9414442587,
"LVA","AVWAGE","TOT","USD","A","1996",10110.4532204327,
"LVA","AVWAGE","TOT","USD","A","1997",10586.9250149202,
"LVA","AVWAGE","TOT","USD","A","1998",10908.2571549111,
"LVA","AVWAGE","TOT","USD","A","1999",11356.92497968,
"LVA","AVWAGE","TOT","USD","A","2000",11952.8587994388,
"LVA","AVWAGE","TOT","USD","A","2001",12342.4954363813,
"LVA","AVWAGE","TOT","USD","A","2002",11965.5272371276,
"LVA","AVWAGE","TOT","USD","A","2003",12821.3905233299,
"LVA","AVWAGE","TOT","USD","A","2004",13938.3053483259,
"LVA","AVWAGE","TOT","USD","A","2005",16211.8169180076,
"LVA","AVWAGE","TOT","USD","A","2006",17875.8210684078,
"LVA","AVWAGE","TOT","USD","A","2007",22038.6621590304,
"LVA","AVWAGE","TOT","USD","A","2008",22739.7616280151,
"LVA","AVWAGE","TOT","USD","A","2009",20534.8961910302,
"LVA","AVWAGE","TOT","USD","A","2010",19741.5881612345,
"LVA","AVWAGE","TOT","USD","A","2011",19056.4928032489,
"LVA","AVWAGE","TOT","USD","A","2012",19829.5778082838,
"LVA","AVWAGE","TOT","USD","A","2013",20778.2140028567,
"LVA","AVWAGE","TOT","USD","A","2014",22171.8853342179,
"LVA","AVWAGE","TOT","USD","A","2015",24024.6237612681,
"LVA","AVWAGE","TOT","USD","A","2016",25433.6296565194,
"LVA","AVWAGE","TOT","USD","A","2017",26345.5375603119,
"LVA","AVWAGE","TOT","USD","A","2018",27314.6375651587,
"LVA","AVWAGE","TOT","USD","A","2019",28502.9611527097,
"LVA","AVWAGE","TOT","USD","A","2020",29766.2602191824,
"LVA","AVWAGE","TOT","USD","A","2021",31866.3329446303,
"LTU","AVWAGE","TOT","USD","A","1995",10861.1725642774,
"LTU","AVWAGE","TOT","USD","A","1996",12115.1150509205,
"LTU","AVWAGE","TOT","USD","A","1997",13386.4651153634,
"LTU","AVWAGE","TOT","USD","A","1998",14620.2024766071,
"LTU","AVWAGE","TOT","USD","A","1999",15266.6379499069,
"LTU","AVWAGE","TOT","USD","A","2000",15329.511189487,
"LTU","AVWAGE","TOT","USD","A","2001",16183.7999779649,
"LTU","AVWAGE","TOT","USD","A","2002",17275.9876911724,
"LTU","AVWAGE","TOT","USD","A","2003",19139.0313916393,
"LTU","AVWAGE","TOT","USD","A","2004",21237.7830846305,
"LTU","AVWAGE","TOT","USD","A","2005",23461.4330902689,
"LTU","AVWAGE","TOT","USD","A","2006",26867.6125573044,
"LTU","AVWAGE","TOT","USD","A","2007",28618.8163339111,
"LTU","AVWAGE","TOT","USD","A","2008",29141.9355123783,
"LTU","AVWAGE","TOT","USD","A","2009",25306.0612620084,
"LTU","AVWAGE","TOT","USD","A","2010",25402.0987018501,
"LTU","AVWAGE","TOT","USD","A","2011",25920.3621395774,
"LTU","AVWAGE","TOT","USD","A","2012",26353.3139518509,
"LTU","AVWAGE","TOT","USD","A","2013",27351.4448979638,
"LTU","AVWAGE","TOT","USD","A","2014",28595.329792727,
"LTU","AVWAGE","TOT","USD","A","2015",30467.7372336004,
"LTU","AVWAGE","TOT","USD","A","2016",32035.1965639638,
"LTU","AVWAGE","TOT","USD","A","2017",33883.7045713347,
"LTU","AVWAGE","TOT","USD","A","2018",35432.3941917102,
"LTU","AVWAGE","TOT","USD","A","2019",37817.5394886739,
"LTU","AVWAGE","TOT","USD","A","2020",40154.6601877245,
"LTU","AVWAGE","TOT","USD","A","2021",42575.884401412,
